new_label,source,original_label,original_name
1,cortical,1,7Networks_LH_Vis_1
2,cortical,2,7Networks_LH_Vis_2
3,cortical,3,7Networks_LH_Vis_3
4,cortical,4,7Networks_LH_Vis_4
5,cortical,5,7Networks_LH_Vis_5
6,cortical,6,7Networks_LH_Vis_6
7,cortical,7,7Networks_LH_Vis_7
8,cortical,8,7Networks_LH_Vis_8
9,cortical,9,7Networks_LH_Vis_9
10,cortical,10,7Networks_LH_Vis_10
11,cortical,11,7Networks_LH_Vis_11
12,cortical,12,7Networks_LH_Vis_12
13,cortical,13,7Networks_LH_Vis_13
14,cortical,14,7Networks_LH_Vis_14
15,cortical,15,7Networks_LH_Vis_15
16,cortical,16,7Networks_LH_Vis_16
17,cortical,17,7Networks_LH_Vis_17
18,cortical,18,7Networks_LH_Vis_18
19,cortical,19,7Networks_LH_Vis_19
20,cortical,20,7Networks_LH_Vis_20
21,cortical,21,7Networks_LH_Vis_21
22,cortical,22,7Networks_LH_Vis_22
23,cortical,23,7Networks_LH_Vis_23
24,cortical,24,7Networks_LH_Vis_24
25,cortical,25,7Networks_LH_Vis_25
26,cortical,26,7Networks_LH_Vis_26
27,cortical,27,7Networks_LH_Vis_27
28,cortical,28,7Networks_LH_Vis_28
29,cortical,29,7Networks_LH_Vis_29
30,cortical,30,7Networks_LH_Vis_30
31,cortical,31,7Networks_LH_Vis_31
32,cortical,32,7Networks_LH_Vis_32
33,cortical,33,7Networks_LH_Vis_33
34,cortical,34,7Networks_LH_Vis_34
35,cortical,35,7Networks_LH_Vis_35
36,cortical,36,7Networks_LH_Vis_36
37,cortical,37,7Networks_LH_Vis_37
38,cortical,38,7Networks_LH_Vis_38
39,cortical,39,7Networks_LH_Vis_39
40,cortical,40,7Networks_LH_Vis_40
41,cortical,41,7Networks_LH_Vis_41
42,cortical,42,7Networks_LH_Vis_42
43,cortical,43,7Networks_LH_Vis_43
44,cortical,44,7Networks_LH_Vis_44
45,cortical,45,7Networks_LH_Vis_45
46,cortical,46,7Networks_LH_Vis_46
47,cortical,47,7Networks_LH_Vis_47
48,cortical,48,7Networks_LH_Vis_48
49,cortical,49,7Networks_LH_Vis_49
50,cortical,50,7Networks_LH_Vis_50
51,cortical,51,7Networks_LH_Vis_51
52,cortical,52,7Networks_LH_Vis_52
53,cortical,53,7Networks_LH_Vis_53
54,cortical,54,7Networks_LH_Vis_54
55,cortical,55,7Networks_LH_Vis_55
56,cortical,56,7Networks_LH_Vis_56
57,cortical,57,7Networks_LH_Vis_57
58,cortical,58,7Networks_LH_Vis_58
59,cortical,59,7Networks_LH_Vis_59
60,cortical,60,7Networks_LH_Vis_60
61,cortical,61,7Networks_LH_Vis_61
62,cortical,62,7Networks_LH_Vis_62
63,cortical,63,7Networks_LH_Vis_63
64,cortical,64,7Networks_LH_Vis_64
65,cortical,65,7Networks_LH_Vis_65
66,cortical,66,7Networks_LH_Vis_66
67,cortical,67,7Networks_LH_Vis_67
68,cortical,68,7Networks_LH_Vis_68
69,cortical,69,7Networks_LH_Vis_69
70,cortical,70,7Networks_LH_Vis_70
71,cortical,71,7Networks_LH_Vis_71
72,cortical,72,7Networks_LH_Vis_72
73,cortical,73,7Networks_LH_Vis_73
74,cortical,74,7Networks_LH_Vis_74
75,cortical,75,7Networks_LH_Vis_75
76,cortical,76,7Networks_LH_Vis_76
77,cortical,77,7Networks_LH_Vis_77
78,cortical,78,7Networks_LH_Vis_78
79,cortical,79,7Networks_LH_Vis_79
80,cortical,80,7Networks_LH_Vis_80
81,cortical,81,7Networks_LH_Vis_81
82,cortical,82,7Networks_LH_SomMot_1
83,cortical,83,7Networks_LH_SomMot_2
84,cortical,84,7Networks_LH_SomMot_3
85,cortical,85,7Networks_LH_SomMot_4
86,cortical,86,7Networks_LH_SomMot_5
87,cortical,87,7Networks_LH_SomMot_6
88,cortical,88,7Networks_LH_SomMot_7
89,cortical,89,7Networks_LH_SomMot_8
90,cortical,90,7Networks_LH_SomMot_9
91,cortical,91,7Networks_LH_SomMot_10
92,cortical,92,7Networks_LH_SomMot_11
93,cortical,93,7Networks_LH_SomMot_12
94,cortical,94,7Networks_LH_SomMot_13
95,cortical,95,7Networks_LH_SomMot_14
96,cortical,96,7Networks_LH_SomMot_15
97,cortical,97,7Networks_LH_SomMot_16
98,cortical,98,7Networks_LH_SomMot_17
99,cortical,99,7Networks_LH_SomMot_18
100,cortical,100,7Networks_LH_SomMot_19
101,cortical,101,7Networks_LH_SomMot_20
102,cortical,102,7Networks_LH_SomMot_21
103,cortical,103,7Networks_LH_SomMot_22
104,cortical,104,7Networks_LH_SomMot_23
105,cortical,105,7Networks_LH_SomMot_24
106,cortical,106,7Networks_LH_SomMot_25
107,cortical,107,7Networks_LH_SomMot_26
108,cortical,108,7Networks_LH_SomMot_27
109,cortical,109,7Networks_LH_SomMot_28
110,cortical,110,7Networks_LH_SomMot_29
111,cortical,111,7Networks_LH_SomMot_30
112,cortical,112,7Networks_LH_SomMot_31
113,cortical,113,7Networks_LH_SomMot_32
114,cortical,114,7Networks_LH_SomMot_33
115,cortical,115,7Networks_LH_SomMot_34
116,cortical,116,7Networks_LH_SomMot_35
117,cortical,117,7Networks_LH_SomMot_36
118,cortical,118,7Networks_LH_SomMot_37
119,cortical,119,7Networks_LH_SomMot_38
120,cortical,120,7Networks_LH_SomMot_39
121,cortical,121,7Networks_LH_SomMot_40
122,cortical,122,7Networks_LH_SomMot_41
123,cortical,123,7Networks_LH_SomMot_42
124,cortical,124,7Networks_LH_SomMot_43
125,cortical,125,7Networks_LH_SomMot_44
126,cortical,126,7Networks_LH_SomMot_45
127,cortical,127,7Networks_LH_SomMot_46
128,cortical,128,7Networks_LH_SomMot_47
129,cortical,129,7Networks_LH_SomMot_48
130,cortical,130,7Networks_LH_SomMot_49
131,cortical,131,7Networks_LH_SomMot_50
132,cortical,132,7Networks_LH_SomMot_51
133,cortical,133,7Networks_LH_SomMot_52
134,cortical,134,7Networks_LH_SomMot_53
135,cortical,135,7Networks_LH_SomMot_54
136,cortical,136,7Networks_LH_SomMot_55
137,cortical,137,7Networks_LH_SomMot_56
138,cortical,138,7Networks_LH_SomMot_57
139,cortical,139,7Networks_LH_SomMot_58
140,cortical,140,7Networks_LH_SomMot_59
141,cortical,141,7Networks_LH_SomMot_60
142,cortical,142,7Networks_LH_SomMot_61
143,cortical,143,7Networks_LH_SomMot_62
144,cortical,144,7Networks_LH_SomMot_63
145,cortical,145,7Networks_LH_SomMot_64
146,cortical,146,7Networks_LH_SomMot_65
147,cortical,147,7Networks_LH_SomMot_66
148,cortical,148,7Networks_LH_SomMot_67
149,cortical,149,7Networks_LH_SomMot_68
150,cortical,150,7Networks_LH_SomMot_69
151,cortical,151,7Networks_LH_SomMot_70
152,cortical,152,7Networks_LH_SomMot_71
153,cortical,153,7Networks_LH_SomMot_72
154,cortical,154,7Networks_LH_SomMot_73
155,cortical,155,7Networks_LH_SomMot_74
156,cortical,156,7Networks_LH_SomMot_75
157,cortical,157,7Networks_LH_SomMot_76
158,cortical,158,7Networks_LH_SomMot_77
159,cortical,159,7Networks_LH_SomMot_78
160,cortical,160,7Networks_LH_SomMot_79
161,cortical,161,7Networks_LH_SomMot_80
162,cortical,162,7Networks_LH_SomMot_81
163,cortical,163,7Networks_LH_SomMot_82
164,cortical,164,7Networks_LH_SomMot_83
165,cortical,165,7Networks_LH_SomMot_84
166,cortical,166,7Networks_LH_SomMot_85
167,cortical,167,7Networks_LH_SomMot_86
168,cortical,168,7Networks_LH_SomMot_87
169,cortical,169,7Networks_LH_SomMot_88
170,cortical,170,7Networks_LH_SomMot_89
171,cortical,171,7Networks_LH_SomMot_90
172,cortical,172,7Networks_LH_SomMot_91
173,cortical,173,7Networks_LH_DorsAttn_Post_1
174,cortical,174,7Networks_LH_DorsAttn_Post_2
175,cortical,175,7Networks_LH_DorsAttn_Post_3
176,cortical,176,7Networks_LH_DorsAttn_Post_4
177,cortical,177,7Networks_LH_DorsAttn_Post_5
178,cortical,178,7Networks_LH_DorsAttn_Post_6
179,cortical,179,7Networks_LH_DorsAttn_Post_7
180,cortical,180,7Networks_LH_DorsAttn_Post_8
181,cortical,181,7Networks_LH_DorsAttn_Post_9
182,cortical,182,7Networks_LH_DorsAttn_Post_10
183,cortical,183,7Networks_LH_DorsAttn_Post_11
184,cortical,184,7Networks_LH_DorsAttn_Post_12
185,cortical,185,7Networks_LH_DorsAttn_Post_13
186,cortical,186,7Networks_LH_DorsAttn_Post_14
187,cortical,187,7Networks_LH_DorsAttn_Post_15
188,cortical,188,7Networks_LH_DorsAttn_Post_16
189,cortical,189,7Networks_LH_DorsAttn_Post_17
190,cortical,190,7Networks_LH_DorsAttn_Post_18
191,cortical,191,7Networks_LH_DorsAttn_Post_19
192,cortical,192,7Networks_LH_DorsAttn_Post_20
193,cortical,193,7Networks_LH_DorsAttn_Post_21
194,cortical,194,7Networks_LH_DorsAttn_Post_22
195,cortical,195,7Networks_LH_DorsAttn_Post_23
196,cortical,196,7Networks_LH_DorsAttn_Post_24
197,cortical,197,7Networks_LH_DorsAttn_Post_25
198,cortical,198,7Networks_LH_DorsAttn_Post_26
199,cortical,199,7Networks_LH_DorsAttn_Post_27
200,cortical,200,7Networks_LH_DorsAttn_Post_28
201,cortical,201,7Networks_LH_DorsAttn_Post_29
202,cortical,202,7Networks_LH_DorsAttn_Post_30
203,cortical,203,7Networks_LH_DorsAttn_Post_31
204,cortical,204,7Networks_LH_DorsAttn_Post_32
205,cortical,205,7Networks_LH_DorsAttn_Post_33
206,cortical,206,7Networks_LH_DorsAttn_Post_34
207,cortical,207,7Networks_LH_DorsAttn_Post_35
208,cortical,208,7Networks_LH_DorsAttn_Post_36
209,cortical,209,7Networks_LH_DorsAttn_Post_37
210,cortical,210,7Networks_LH_DorsAttn_Post_38
211,cortical,211,7Networks_LH_DorsAttn_Post_39
212,cortical,212,7Networks_LH_DorsAttn_Post_40
213,cortical,213,7Networks_LH_DorsAttn_Post_41
214,cortical,214,7Networks_LH_DorsAttn_Post_42
215,cortical,215,7Networks_LH_DorsAttn_Post_43
216,cortical,216,7Networks_LH_DorsAttn_Post_44
217,cortical,217,7Networks_LH_DorsAttn_Post_45
218,cortical,218,7Networks_LH_DorsAttn_Post_46
219,cortical,219,7Networks_LH_DorsAttn_Post_47
220,cortical,220,7Networks_LH_DorsAttn_Post_48
221,cortical,221,7Networks_LH_DorsAttn_Post_49
222,cortical,222,7Networks_LH_DorsAttn_Post_50
223,cortical,223,7Networks_LH_DorsAttn_FEF_1
224,cortical,224,7Networks_LH_DorsAttn_FEF_2
225,cortical,225,7Networks_LH_DorsAttn_FEF_3
226,cortical,226,7Networks_LH_DorsAttn_FEF_4
227,cortical,227,7Networks_LH_DorsAttn_FEF_5
228,cortical,228,7Networks_LH_DorsAttn_FEF_6
229,cortical,229,7Networks_LH_DorsAttn_FEF_7
230,cortical,230,7Networks_LH_DorsAttn_PrCv_1
231,cortical,231,7Networks_LH_DorsAttn_PrCv_2
232,cortical,232,7Networks_LH_DorsAttn_PrCv_3
233,cortical,233,7Networks_LH_DorsAttn_PrCv_4
234,cortical,234,7Networks_LH_SalVentAttn_ParOper_1
235,cortical,235,7Networks_LH_SalVentAttn_ParOper_2
236,cortical,236,7Networks_LH_SalVentAttn_ParOper_3
237,cortical,237,7Networks_LH_SalVentAttn_ParOper_4
238,cortical,238,7Networks_LH_SalVentAttn_ParOper_5
239,cortical,239,7Networks_LH_SalVentAttn_ParOper_6
240,cortical,240,7Networks_LH_SalVentAttn_ParOper_7
241,cortical,241,7Networks_LH_SalVentAttn_ParOper_8
242,cortical,242,7Networks_LH_SalVentAttn_ParOper_9
243,cortical,243,7Networks_LH_SalVentAttn_TempOcc_1
244,cortical,244,7Networks_LH_SalVentAttn_TempOcc_2
245,cortical,245,7Networks_LH_SalVentAttn_FrOperIns_1
246,cortical,246,7Networks_LH_SalVentAttn_FrOperIns_2
247,cortical,247,7Networks_LH_SalVentAttn_FrOperIns_3
248,cortical,248,7Networks_LH_SalVentAttn_FrOperIns_4
249,cortical,249,7Networks_LH_SalVentAttn_FrOperIns_5
250,cortical,250,7Networks_LH_SalVentAttn_FrOperIns_6
251,cortical,251,7Networks_LH_SalVentAttn_FrOperIns_7
252,cortical,252,7Networks_LH_SalVentAttn_FrOperIns_8
253,cortical,253,7Networks_LH_SalVentAttn_FrOperIns_9
254,cortical,254,7Networks_LH_SalVentAttn_FrOperIns_10
255,cortical,255,7Networks_LH_SalVentAttn_FrOperIns_11
256,cortical,256,7Networks_LH_SalVentAttn_FrOperIns_12
257,cortical,257,7Networks_LH_SalVentAttn_FrOperIns_13
258,cortical,258,7Networks_LH_SalVentAttn_FrOperIns_14
259,cortical,259,7Networks_LH_SalVentAttn_FrOperIns_15
260,cortical,260,7Networks_LH_SalVentAttn_FrOperIns_16
261,cortical,261,7Networks_LH_SalVentAttn_FrOperIns_17
262,cortical,262,7Networks_LH_SalVentAttn_FrOperIns_18
263,cortical,263,7Networks_LH_SalVentAttn_FrOperIns_19
264,cortical,264,7Networks_LH_SalVentAttn_FrOperIns_20
265,cortical,265,7Networks_LH_SalVentAttn_FrOperIns_21
266,cortical,266,7Networks_LH_SalVentAttn_FrOperIns_22
267,cortical,267,7Networks_LH_SalVentAttn_FrOperIns_23
268,cortical,268,7Networks_LH_SalVentAttn_PFCl_1
269,cortical,269,7Networks_LH_SalVentAttn_PFCl_2
270,cortical,270,7Networks_LH_SalVentAttn_Med_1
271,cortical,271,7Networks_LH_SalVentAttn_Med_2
272,cortical,272,7Networks_LH_SalVentAttn_Med_3
273,cortical,273,7Networks_LH_SalVentAttn_Med_4
274,cortical,274,7Networks_LH_SalVentAttn_Med_5
275,cortical,275,7Networks_LH_SalVentAttn_Med_6
276,cortical,276,7Networks_LH_SalVentAttn_Med_7
277,cortical,277,7Networks_LH_SalVentAttn_Med_8
278,cortical,278,7Networks_LH_SalVentAttn_Med_9
279,cortical,279,7Networks_LH_SalVentAttn_Med_10
280,cortical,280,7Networks_LH_SalVentAttn_Med_11
281,cortical,281,7Networks_LH_SalVentAttn_Med_12
282,cortical,282,7Networks_LH_SalVentAttn_Med_13
283,cortical,283,7Networks_LH_SalVentAttn_Med_14
284,cortical,284,7Networks_LH_SalVentAttn_Med_15
285,cortical,285,7Networks_LH_SalVentAttn_Med_16
286,cortical,286,7Networks_LH_SalVentAttn_Med_17
287,cortical,287,7Networks_LH_SalVentAttn_Med_18
288,cortical,288,7Networks_LH_SalVentAttn_Med_19
289,cortical,289,7Networks_LH_Limbic_OFC_1
290,cortical,290,7Networks_LH_Limbic_OFC_2
291,cortical,291,7Networks_LH_Limbic_OFC_3
292,cortical,292,7Networks_LH_Limbic_OFC_4
293,cortical,293,7Networks_LH_Limbic_OFC_5
294,cortical,294,7Networks_LH_Limbic_OFC_6
295,cortical,295,7Networks_LH_Limbic_OFC_7
296,cortical,296,7Networks_LH_Limbic_OFC_8
297,cortical,297,7Networks_LH_Limbic_OFC_9
298,cortical,298,7Networks_LH_Limbic_OFC_10
299,cortical,299,7Networks_LH_Limbic_OFC_11
300,cortical,300,7Networks_LH_Limbic_OFC_12
301,cortical,301,7Networks_LH_Limbic_OFC_13
302,cortical,302,7Networks_LH_Limbic_OFC_14
303,cortical,303,7Networks_LH_Limbic_TempPole_1
304,cortical,304,7Networks_LH_Limbic_TempPole_2
305,cortical,305,7Networks_LH_Limbic_TempPole_3
306,cortical,306,7Networks_LH_Limbic_TempPole_4
307,cortical,307,7Networks_LH_Limbic_TempPole_5
308,cortical,308,7Networks_LH_Limbic_TempPole_6
309,cortical,309,7Networks_LH_Limbic_TempPole_7
310,cortical,310,7Networks_LH_Limbic_TempPole_8
311,cortical,311,7Networks_LH_Limbic_TempPole_9
312,cortical,312,7Networks_LH_Limbic_TempPole_10
313,cortical,313,7Networks_LH_Limbic_TempPole_11
314,cortical,314,7Networks_LH_Limbic_TempPole_12
315,cortical,315,7Networks_LH_Limbic_TempPole_13
316,cortical,316,7Networks_LH_Limbic_TempPole_14
317,cortical,317,7Networks_LH_Limbic_TempPole_15
318,cortical,318,7Networks_LH_Cont_Par_1
319,cortical,319,7Networks_LH_Cont_Par_2
320,cortical,320,7Networks_LH_Cont_Par_3
321,cortical,321,7Networks_LH_Cont_Par_4
322,cortical,322,7Networks_LH_Cont_Par_5
323,cortical,323,7Networks_LH_Cont_Par_6
324,cortical,324,7Networks_LH_Cont_Par_7
325,cortical,325,7Networks_LH_Cont_Par_8
326,cortical,326,7Networks_LH_Cont_Par_9
327,cortical,327,7Networks_LH_Cont_Par_10
328,cortical,328,7Networks_LH_Cont_Par_11
329,cortical,329,7Networks_LH_Cont_Par_12
330,cortical,330,7Networks_LH_Cont_Par_13
331,cortical,331,7Networks_LH_Cont_Par_14
332,cortical,332,7Networks_LH_Cont_Par_15
333,cortical,333,7Networks_LH_Cont_Temp_1
334,cortical,334,7Networks_LH_Cont_Temp_2
335,cortical,335,7Networks_LH_Cont_Temp_3
336,cortical,336,7Networks_LH_Cont_Temp_4
337,cortical,337,7Networks_LH_Cont_PFCd_1
338,cortical,338,7Networks_LH_Cont_PFCl_1
339,cortical,339,7Networks_LH_Cont_PFCl_2
340,cortical,340,7Networks_LH_Cont_PFCl_3
341,cortical,341,7Networks_LH_Cont_PFCl_4
342,cortical,342,7Networks_LH_Cont_PFCl_5
343,cortical,343,7Networks_LH_Cont_PFCl_6
344,cortical,344,7Networks_LH_Cont_PFCl_7
345,cortical,345,7Networks_LH_Cont_PFCl_8
346,cortical,346,7Networks_LH_Cont_PFCl_9
347,cortical,347,7Networks_LH_Cont_PFCl_10
348,cortical,348,7Networks_LH_Cont_PFCl_11
349,cortical,349,7Networks_LH_Cont_PFCl_12
350,cortical,350,7Networks_LH_Cont_PFCl_13
351,cortical,351,7Networks_LH_Cont_PFCl_14
352,cortical,352,7Networks_LH_Cont_PFCl_15
353,cortical,353,7Networks_LH_Cont_PFCl_16
354,cortical,354,7Networks_LH_Cont_PFCl_17
355,cortical,355,7Networks_LH_Cont_PFCl_18
356,cortical,356,7Networks_LH_Cont_PFCl_19
357,cortical,357,7Networks_LH_Cont_PFCl_20
358,cortical,358,7Networks_LH_Cont_OFC_1
359,cortical,359,7Networks_LH_Cont_PFCv_1
360,cortical,360,7Networks_LH_Cont_PFCv_2
361,cortical,361,7Networks_LH_Cont_pCun_1
362,cortical,362,7Networks_LH_Cont_pCun_2
363,cortical,363,7Networks_LH_Cont_pCun_3
364,cortical,364,7Networks_LH_Cont_pCun_4
365,cortical,365,7Networks_LH_Cont_Cing_1
366,cortical,366,7Networks_LH_Cont_Cing_2
367,cortical,367,7Networks_LH_Cont_Cing_3
368,cortical,368,7Networks_LH_Cont_Cing_4
369,cortical,369,7Networks_LH_Cont_Cing_5
370,cortical,370,7Networks_LH_Cont_Cing_6
371,cortical,371,7Networks_LH_Cont_Cing_7
372,cortical,372,7Networks_LH_Cont_Cing_8
373,cortical,373,7Networks_LH_Cont_PFCmp_1
374,cortical,374,7Networks_LH_Cont_PFCmp_2
375,cortical,375,7Networks_LH_Default_Par_1
376,cortical,376,7Networks_LH_Default_Par_2
377,cortical,377,7Networks_LH_Default_Par_3
378,cortical,378,7Networks_LH_Default_Par_4
379,cortical,379,7Networks_LH_Default_Par_5
380,cortical,380,7Networks_LH_Default_Par_6
381,cortical,381,7Networks_LH_Default_Par_7
382,cortical,382,7Networks_LH_Default_Par_8
383,cortical,383,7Networks_LH_Default_Par_9
384,cortical,384,7Networks_LH_Default_Par_10
385,cortical,385,7Networks_LH_Default_Par_11
386,cortical,386,7Networks_LH_Default_Par_12
387,cortical,387,7Networks_LH_Default_Par_13
388,cortical,388,7Networks_LH_Default_Par_14
389,cortical,389,7Networks_LH_Default_Par_15
390,cortical,390,7Networks_LH_Default_Par_16
391,cortical,391,7Networks_LH_Default_Par_17
392,cortical,392,7Networks_LH_Default_Par_18
393,cortical,393,7Networks_LH_Default_Par_19
394,cortical,394,7Networks_LH_Default_Temp_1
395,cortical,395,7Networks_LH_Default_Temp_2
396,cortical,396,7Networks_LH_Default_Temp_3
397,cortical,397,7Networks_LH_Default_Temp_4
398,cortical,398,7Networks_LH_Default_Temp_5
399,cortical,399,7Networks_LH_Default_Temp_6
400,cortical,400,7Networks_LH_Default_Temp_7
401,cortical,401,7Networks_LH_Default_Temp_8
402,cortical,402,7Networks_LH_Default_Temp_9
403,cortical,403,7Networks_LH_Default_Temp_10
404,cortical,404,7Networks_LH_Default_Temp_11
405,cortical,405,7Networks_LH_Default_Temp_12
406,cortical,406,7Networks_LH_Default_Temp_13
407,cortical,407,7Networks_LH_Default_Temp_14
408,cortical,408,7Networks_LH_Default_Temp_15
409,cortical,409,7Networks_LH_Default_Temp_16
410,cortical,410,7Networks_LH_Default_Temp_17
411,cortical,411,7Networks_LH_Default_Temp_18
412,cortical,412,7Networks_LH_Default_Temp_19
413,cortical,413,7Networks_LH_Default_Temp_20
414,cortical,414,7Networks_LH_Default_Temp_21
415,cortical,415,7Networks_LH_Default_Temp_22
416,cortical,416,7Networks_LH_Default_PFC_1
417,cortical,417,7Networks_LH_Default_PFC_2
418,cortical,418,7Networks_LH_Default_PFC_3
419,cortical,419,7Networks_LH_Default_PFC_4
420,cortical,420,7Networks_LH_Default_PFC_5
421,cortical,421,7Networks_LH_Default_PFC_6
422,cortical,422,7Networks_LH_Default_PFC_7
423,cortical,423,7Networks_LH_Default_PFC_8
424,cortical,424,7Networks_LH_Default_PFC_9
425,cortical,425,7Networks_LH_Default_PFC_10
426,cortical,426,7Networks_LH_Default_PFC_11
427,cortical,427,7Networks_LH_Default_PFC_12
428,cortical,428,7Networks_LH_Default_PFC_13
429,cortical,429,7Networks_LH_Default_PFC_14
430,cortical,430,7Networks_LH_Default_PFC_15
431,cortical,431,7Networks_LH_Default_PFC_16
432,cortical,432,7Networks_LH_Default_PFC_17
433,cortical,433,7Networks_LH_Default_PFC_18
434,cortical,434,7Networks_LH_Default_PFC_19
435,cortical,435,7Networks_LH_Default_PFC_20
436,cortical,436,7Networks_LH_Default_PFC_21
437,cortical,437,7Networks_LH_Default_PFC_22
438,cortical,438,7Networks_LH_Default_PFC_23
439,cortical,439,7Networks_LH_Default_PFC_24
440,cortical,440,7Networks_LH_Default_PFC_25
441,cortical,441,7Networks_LH_Default_PFC_26
442,cortical,442,7Networks_LH_Default_PFC_27
443,cortical,443,7Networks_LH_Default_PFC_28
444,cortical,444,7Networks_LH_Default_PFC_29
445,cortical,445,7Networks_LH_Default_PFC_30
446,cortical,446,7Networks_LH_Default_PFC_31
447,cortical,447,7Networks_LH_Default_PFC_32
448,cortical,448,7Networks_LH_Default_PFC_33
449,cortical,449,7Networks_LH_Default_PFC_34
450,cortical,450,7Networks_LH_Default_PFC_35
451,cortical,451,7Networks_LH_Default_PFC_36
452,cortical,452,7Networks_LH_Default_PFC_37
453,cortical,453,7Networks_LH_Default_PFC_38
454,cortical,454,7Networks_LH_Default_PFC_39
455,cortical,455,7Networks_LH_Default_PFC_40
456,cortical,456,7Networks_LH_Default_PFC_41
457,cortical,457,7Networks_LH_Default_PFC_42
458,cortical,458,7Networks_LH_Default_PFC_43
459,cortical,459,7Networks_LH_Default_PFC_44
460,cortical,460,7Networks_LH_Default_PFC_45
461,cortical,461,7Networks_LH_Default_PFC_46
462,cortical,462,7Networks_LH_Default_PFC_47
463,cortical,463,7Networks_LH_Default_PFC_48
464,cortical,464,7Networks_LH_Default_PFC_49
465,cortical,465,7Networks_LH_Default_PFC_50
466,cortical,466,7Networks_LH_Default_pCunPCC_1
467,cortical,467,7Networks_LH_Default_pCunPCC_2
468,cortical,468,7Networks_LH_Default_pCunPCC_3
469,cortical,469,7Networks_LH_Default_pCunPCC_4
470,cortical,470,7Networks_LH_Default_pCunPCC_5
471,cortical,471,7Networks_LH_Default_pCunPCC_6
472,cortical,472,7Networks_LH_Default_pCunPCC_7
473,cortical,473,7Networks_LH_Default_pCunPCC_8
474,cortical,474,7Networks_LH_Default_pCunPCC_9
475,cortical,475,7Networks_LH_Default_pCunPCC_10
476,cortical,476,7Networks_LH_Default_pCunPCC_11
477,cortical,477,7Networks_LH_Default_pCunPCC_12
478,cortical,478,7Networks_LH_Default_pCunPCC_13
479,cortical,479,7Networks_LH_Default_pCunPCC_14
480,cortical,480,7Networks_LH_Default_pCunPCC_15
481,cortical,481,7Networks_LH_Default_pCunPCC_16
482,cortical,482,7Networks_LH_Default_pCunPCC_17
483,cortical,483,7Networks_LH_Default_pCunPCC_18
484,cortical,484,7Networks_LH_Default_pCunPCC_19
485,cortical,485,7Networks_LH_Default_pCunPCC_20
486,cortical,486,7Networks_LH_Default_pCunPCC_21
487,cortical,487,7Networks_LH_Default_pCunPCC_22
488,cortical,488,7Networks_LH_Default_pCunPCC_23
489,cortical,489,7Networks_LH_Default_pCunPCC_24
490,cortical,490,7Networks_LH_Default_pCunPCC_25
491,cortical,491,7Networks_LH_Default_pCunPCC_26
492,cortical,492,7Networks_LH_Default_pCunPCC_27
493,cortical,493,7Networks_LH_Default_pCunPCC_28
494,cortical,494,7Networks_LH_Default_pCunPCC_29
495,cortical,495,7Networks_LH_Default_pCunPCC_30
496,cortical,496,7Networks_LH_Default_pCunPCC_31
497,cortical,497,7Networks_LH_Default_pCunPCC_32
498,cortical,498,7Networks_LH_Default_PHC_1
499,cortical,499,7Networks_LH_Default_PHC_2
500,cortical,500,7Networks_LH_Default_PHC_3
501,cortical,501,7Networks_RH_Vis_1
502,cortical,502,7Networks_RH_Vis_2
503,cortical,503,7Networks_RH_Vis_3
504,cortical,504,7Networks_RH_Vis_4
505,cortical,505,7Networks_RH_Vis_5
506,cortical,506,7Networks_RH_Vis_6
507,cortical,507,7Networks_RH_Vis_7
508,cortical,508,7Networks_RH_Vis_8
509,cortical,509,7Networks_RH_Vis_9
510,cortical,510,7Networks_RH_Vis_10
511,cortical,511,7Networks_RH_Vis_11
512,cortical,512,7Networks_RH_Vis_12
513,cortical,513,7Networks_RH_Vis_13
514,cortical,514,7Networks_RH_Vis_14
515,cortical,515,7Networks_RH_Vis_15
516,cortical,516,7Networks_RH_Vis_16
517,cortical,517,7Networks_RH_Vis_17
518,cortical,518,7Networks_RH_Vis_18
519,cortical,519,7Networks_RH_Vis_19
520,cortical,520,7Networks_RH_Vis_20
521,cortical,521,7Networks_RH_Vis_21
522,cortical,522,7Networks_RH_Vis_22
523,cortical,523,7Networks_RH_Vis_23
524,cortical,524,7Networks_RH_Vis_24
525,cortical,525,7Networks_RH_Vis_25
526,cortical,526,7Networks_RH_Vis_26
527,cortical,527,7Networks_RH_Vis_27
528,cortical,528,7Networks_RH_Vis_28
529,cortical,529,7Networks_RH_Vis_29
530,cortical,530,7Networks_RH_Vis_30
531,cortical,531,7Networks_RH_Vis_31
532,cortical,532,7Networks_RH_Vis_32
533,cortical,533,7Networks_RH_Vis_33
534,cortical,534,7Networks_RH_Vis_34
535,cortical,535,7Networks_RH_Vis_35
536,cortical,536,7Networks_RH_Vis_36
537,cortical,537,7Networks_RH_Vis_37
538,cortical,538,7Networks_RH_Vis_38
539,cortical,539,7Networks_RH_Vis_39
540,cortical,540,7Networks_RH_Vis_40
541,cortical,541,7Networks_RH_Vis_41
542,cortical,542,7Networks_RH_Vis_42
543,cortical,543,7Networks_RH_Vis_43
544,cortical,544,7Networks_RH_Vis_44
545,cortical,545,7Networks_RH_Vis_45
546,cortical,546,7Networks_RH_Vis_46
547,cortical,547,7Networks_RH_Vis_47
548,cortical,548,7Networks_RH_Vis_48
549,cortical,549,7Networks_RH_Vis_49
550,cortical,550,7Networks_RH_Vis_50
551,cortical,551,7Networks_RH_Vis_51
552,cortical,552,7Networks_RH_Vis_52
553,cortical,553,7Networks_RH_Vis_53
554,cortical,554,7Networks_RH_Vis_54
555,cortical,555,7Networks_RH_Vis_55
556,cortical,556,7Networks_RH_Vis_56
557,cortical,557,7Networks_RH_Vis_57
558,cortical,558,7Networks_RH_Vis_58
559,cortical,559,7Networks_RH_Vis_59
560,cortical,560,7Networks_RH_Vis_60
561,cortical,561,7Networks_RH_Vis_61
562,cortical,562,7Networks_RH_Vis_62
563,cortical,563,7Networks_RH_Vis_63
564,cortical,564,7Networks_RH_Vis_64
565,cortical,565,7Networks_RH_Vis_65
566,cortical,566,7Networks_RH_Vis_66
567,cortical,567,7Networks_RH_Vis_67
568,cortical,568,7Networks_RH_Vis_68
569,cortical,569,7Networks_RH_Vis_69
570,cortical,570,7Networks_RH_Vis_70
571,cortical,571,7Networks_RH_Vis_71
572,cortical,572,7Networks_RH_Vis_72
573,cortical,573,7Networks_RH_Vis_73
574,cortical,574,7Networks_RH_Vis_74
575,cortical,575,7Networks_RH_Vis_75
576,cortical,576,7Networks_RH_Vis_76
577,cortical,577,7Networks_RH_Vis_77
578,cortical,578,7Networks_RH_Vis_78
579,cortical,579,7Networks_RH_Vis_79
580,cortical,580,7Networks_RH_Vis_80
581,cortical,581,7Networks_RH_Vis_81
582,cortical,582,7Networks_RH_SomMot_1
583,cortical,583,7Networks_RH_SomMot_2
584,cortical,584,7Networks_RH_SomMot_3
585,cortical,585,7Networks_RH_SomMot_4
586,cortical,586,7Networks_RH_SomMot_5
587,cortical,587,7Networks_RH_SomMot_6
588,cortical,588,7Networks_RH_SomMot_7
589,cortical,589,7Networks_RH_SomMot_8
590,cortical,590,7Networks_RH_SomMot_9
591,cortical,591,7Networks_RH_SomMot_10
592,cortical,592,7Networks_RH_SomMot_11
593,cortical,593,7Networks_RH_SomMot_12
594,cortical,594,7Networks_RH_SomMot_13
595,cortical,595,7Networks_RH_SomMot_14
596,cortical,596,7Networks_RH_SomMot_15
597,cortical,597,7Networks_RH_SomMot_16
598,cortical,598,7Networks_RH_SomMot_17
599,cortical,599,7Networks_RH_SomMot_18
600,cortical,600,7Networks_RH_SomMot_19
601,cortical,601,7Networks_RH_SomMot_20
602,cortical,602,7Networks_RH_SomMot_21
603,cortical,603,7Networks_RH_SomMot_22
604,cortical,604,7Networks_RH_SomMot_23
605,cortical,605,7Networks_RH_SomMot_24
606,cortical,606,7Networks_RH_SomMot_25
607,cortical,607,7Networks_RH_SomMot_26
608,cortical,608,7Networks_RH_SomMot_27
609,cortical,609,7Networks_RH_SomMot_28
610,cortical,610,7Networks_RH_SomMot_29
611,cortical,611,7Networks_RH_SomMot_30
612,cortical,612,7Networks_RH_SomMot_31
613,cortical,613,7Networks_RH_SomMot_32
614,cortical,614,7Networks_RH_SomMot_33
615,cortical,615,7Networks_RH_SomMot_34
616,cortical,616,7Networks_RH_SomMot_35
617,cortical,617,7Networks_RH_SomMot_36
618,cortical,618,7Networks_RH_SomMot_37
619,cortical,619,7Networks_RH_SomMot_38
620,cortical,620,7Networks_RH_SomMot_39
621,cortical,621,7Networks_RH_SomMot_40
622,cortical,622,7Networks_RH_SomMot_41
623,cortical,623,7Networks_RH_SomMot_42
624,cortical,624,7Networks_RH_SomMot_43
625,cortical,625,7Networks_RH_SomMot_44
626,cortical,626,7Networks_RH_SomMot_45
627,cortical,627,7Networks_RH_SomMot_46
628,cortical,628,7Networks_RH_SomMot_47
629,cortical,629,7Networks_RH_SomMot_48
630,cortical,630,7Networks_RH_SomMot_49
631,cortical,631,7Networks_RH_SomMot_50
632,cortical,632,7Networks_RH_SomMot_51
633,cortical,633,7Networks_RH_SomMot_52
634,cortical,634,7Networks_RH_SomMot_53
635,cortical,635,7Networks_RH_SomMot_54
636,cortical,636,7Networks_RH_SomMot_55
637,cortical,637,7Networks_RH_SomMot_56
638,cortical,638,7Networks_RH_SomMot_57
639,cortical,639,7Networks_RH_SomMot_58
640,cortical,640,7Networks_RH_SomMot_59
641,cortical,641,7Networks_RH_SomMot_60
642,cortical,642,7Networks_RH_SomMot_61
643,cortical,643,7Networks_RH_SomMot_62
644,cortical,644,7Networks_RH_SomMot_63
645,cortical,645,7Networks_RH_SomMot_64
646,cortical,646,7Networks_RH_SomMot_65
647,cortical,647,7Networks_RH_SomMot_66
648,cortical,648,7Networks_RH_SomMot_67
649,cortical,649,7Networks_RH_SomMot_68
650,cortical,650,7Networks_RH_SomMot_69
651,cortical,651,7Networks_RH_SomMot_70
652,cortical,652,7Networks_RH_SomMot_71
653,cortical,653,7Networks_RH_SomMot_72
654,cortical,654,7Networks_RH_SomMot_73
655,cortical,655,7Networks_RH_SomMot_74
656,cortical,656,7Networks_RH_SomMot_75
657,cortical,657,7Networks_RH_SomMot_76
658,cortical,658,7Networks_RH_SomMot_77
659,cortical,659,7Networks_RH_SomMot_78
660,cortical,660,7Networks_RH_SomMot_79
661,cortical,661,7Networks_RH_SomMot_80
662,cortical,662,7Networks_RH_SomMot_81
663,cortical,663,7Networks_RH_SomMot_82
664,cortical,664,7Networks_RH_SomMot_83
665,cortical,665,7Networks_RH_SomMot_84
666,cortical,666,7Networks_RH_SomMot_85
667,cortical,667,7Networks_RH_SomMot_86
668,cortical,668,7Networks_RH_SomMot_87
669,cortical,669,7Networks_RH_SomMot_88
670,cortical,670,7Networks_RH_SomMot_89
671,cortical,671,7Networks_RH_SomMot_90
672,cortical,672,7Networks_RH_SomMot_91
673,cortical,673,7Networks_RH_SomMot_92
674,cortical,674,7Networks_RH_SomMot_93
675,cortical,675,7Networks_RH_SomMot_94
676,cortical,676,7Networks_RH_SomMot_95
677,cortical,677,7Networks_RH_SomMot_96
678,cortical,678,7Networks_RH_SomMot_97
679,cortical,679,7Networks_RH_SomMot_98
680,cortical,680,7Networks_RH_SomMot_99
681,cortical,681,7Networks_RH_SomMot_100
682,cortical,682,7Networks_RH_SomMot_101
683,cortical,683,7Networks_RH_SomMot_102
684,cortical,684,7Networks_RH_SomMot_103
685,cortical,685,7Networks_RH_DorsAttn_Post_1
686,cortical,686,7Networks_RH_DorsAttn_Post_2
687,cortical,687,7Networks_RH_DorsAttn_Post_3
688,cortical,688,7Networks_RH_DorsAttn_Post_4
689,cortical,689,7Networks_RH_DorsAttn_Post_5
690,cortical,690,7Networks_RH_DorsAttn_Post_6
691,cortical,691,7Networks_RH_DorsAttn_Post_7
692,cortical,692,7Networks_RH_DorsAttn_Post_8
693,cortical,693,7Networks_RH_DorsAttn_Post_9
694,cortical,694,7Networks_RH_DorsAttn_Post_10
695,cortical,695,7Networks_RH_DorsAttn_Post_11
696,cortical,696,7Networks_RH_DorsAttn_Post_12
697,cortical,697,7Networks_RH_DorsAttn_Post_13
698,cortical,698,7Networks_RH_DorsAttn_Post_14
699,cortical,699,7Networks_RH_DorsAttn_Post_15
700,cortical,700,7Networks_RH_DorsAttn_Post_16
701,cortical,701,7Networks_RH_DorsAttn_Post_17
702,cortical,702,7Networks_RH_DorsAttn_Post_18
703,cortical,703,7Networks_RH_DorsAttn_Post_19
704,cortical,704,7Networks_RH_DorsAttn_Post_20
705,cortical,705,7Networks_RH_DorsAttn_Post_21
706,cortical,706,7Networks_RH_DorsAttn_Post_22
707,cortical,707,7Networks_RH_DorsAttn_Post_23
708,cortical,708,7Networks_RH_DorsAttn_Post_24
709,cortical,709,7Networks_RH_DorsAttn_Post_25
710,cortical,710,7Networks_RH_DorsAttn_Post_26
711,cortical,711,7Networks_RH_DorsAttn_Post_27
712,cortical,712,7Networks_RH_DorsAttn_Post_28
713,cortical,713,7Networks_RH_DorsAttn_Post_29
714,cortical,714,7Networks_RH_DorsAttn_Post_30
715,cortical,715,7Networks_RH_DorsAttn_Post_31
716,cortical,716,7Networks_RH_DorsAttn_Post_32
717,cortical,717,7Networks_RH_DorsAttn_Post_33
718,cortical,718,7Networks_RH_DorsAttn_Post_34
719,cortical,719,7Networks_RH_DorsAttn_Post_35
720,cortical,720,7Networks_RH_DorsAttn_Post_36
721,cortical,721,7Networks_RH_DorsAttn_Post_37
722,cortical,722,7Networks_RH_DorsAttn_Post_38
723,cortical,723,7Networks_RH_DorsAttn_Post_39
724,cortical,724,7Networks_RH_DorsAttn_Post_40
725,cortical,725,7Networks_RH_DorsAttn_Post_41
726,cortical,726,7Networks_RH_DorsAttn_Post_42
727,cortical,727,7Networks_RH_DorsAttn_Post_43
728,cortical,728,7Networks_RH_DorsAttn_Post_44
729,cortical,729,7Networks_RH_DorsAttn_Post_45
730,cortical,730,7Networks_RH_DorsAttn_Post_46
731,cortical,731,7Networks_RH_DorsAttn_Post_47
732,cortical,732,7Networks_RH_DorsAttn_Post_48
733,cortical,733,7Networks_RH_DorsAttn_Post_49
734,cortical,734,7Networks_RH_DorsAttn_Post_50
735,cortical,735,7Networks_RH_DorsAttn_Post_51
736,cortical,736,7Networks_RH_DorsAttn_Post_52
737,cortical,737,7Networks_RH_DorsAttn_FEF_1
738,cortical,738,7Networks_RH_DorsAttn_FEF_2
739,cortical,739,7Networks_RH_DorsAttn_FEF_3
740,cortical,740,7Networks_RH_DorsAttn_FEF_4
741,cortical,741,7Networks_RH_DorsAttn_FEF_5
742,cortical,742,7Networks_RH_DorsAttn_FEF_6
743,cortical,743,7Networks_RH_DorsAttn_PrCv_1
744,cortical,744,7Networks_RH_DorsAttn_PrCv_2
745,cortical,745,7Networks_RH_DorsAttn_PrCv_3
746,cortical,746,7Networks_RH_SalVentAttn_TempOccPar_1
747,cortical,747,7Networks_RH_SalVentAttn_TempOccPar_2
748,cortical,748,7Networks_RH_SalVentAttn_TempOccPar_3
749,cortical,749,7Networks_RH_SalVentAttn_TempOccPar_4
750,cortical,750,7Networks_RH_SalVentAttn_TempOccPar_5
751,cortical,751,7Networks_RH_SalVentAttn_TempOccPar_6
752,cortical,752,7Networks_RH_SalVentAttn_TempOccPar_7
753,cortical,753,7Networks_RH_SalVentAttn_TempOccPar_8
754,cortical,754,7Networks_RH_SalVentAttn_TempOccPar_9
755,cortical,755,7Networks_RH_SalVentAttn_TempOccPar_10
756,cortical,756,7Networks_RH_SalVentAttn_TempOccPar_11
757,cortical,757,7Networks_RH_SalVentAttn_TempOccPar_12
758,cortical,758,7Networks_RH_SalVentAttn_TempOccPar_13
759,cortical,759,7Networks_RH_SalVentAttn_TempOccPar_14
760,cortical,760,7Networks_RH_SalVentAttn_TempOccPar_15
761,cortical,761,7Networks_RH_SalVentAttn_TempOccPar_16
762,cortical,762,7Networks_RH_SalVentAttn_TempOccPar_17
763,cortical,763,7Networks_RH_SalVentAttn_TempOccPar_18
764,cortical,764,7Networks_RH_SalVentAttn_PrC_1
765,cortical,765,7Networks_RH_SalVentAttn_PrC_2
766,cortical,766,7Networks_RH_SalVentAttn_FrOperIns_1
767,cortical,767,7Networks_RH_SalVentAttn_FrOperIns_2
768,cortical,768,7Networks_RH_SalVentAttn_FrOperIns_3
769,cortical,769,7Networks_RH_SalVentAttn_FrOperIns_4
770,cortical,770,7Networks_RH_SalVentAttn_FrOperIns_5
771,cortical,771,7Networks_RH_SalVentAttn_FrOperIns_6
772,cortical,772,7Networks_RH_SalVentAttn_FrOperIns_7
773,cortical,773,7Networks_RH_SalVentAttn_FrOperIns_8
774,cortical,774,7Networks_RH_SalVentAttn_FrOperIns_9
775,cortical,775,7Networks_RH_SalVentAttn_FrOperIns_10
776,cortical,776,7Networks_RH_SalVentAttn_FrOperIns_11
777,cortical,777,7Networks_RH_SalVentAttn_FrOperIns_12
778,cortical,778,7Networks_RH_SalVentAttn_FrOperIns_13
779,cortical,779,7Networks_RH_SalVentAttn_FrOperIns_14
780,cortical,780,7Networks_RH_SalVentAttn_FrOperIns_15
781,cortical,781,7Networks_RH_SalVentAttn_FrOperIns_16
782,cortical,782,7Networks_RH_SalVentAttn_FrOperIns_17
783,cortical,783,7Networks_RH_SalVentAttn_FrOperIns_18
784,cortical,784,7Networks_RH_SalVentAttn_FrOperIns_19
785,cortical,785,7Networks_RH_SalVentAttn_FrOperIns_20
786,cortical,786,7Networks_RH_SalVentAttn_FrOperIns_21
787,cortical,787,7Networks_RH_SalVentAttn_FrOperIns_22
788,cortical,788,7Networks_RH_SalVentAttn_FrOperIns_23
789,cortical,789,7Networks_RH_SalVentAttn_FrOperIns_24
790,cortical,790,7Networks_RH_SalVentAttn_PFCl_1
791,cortical,791,7Networks_RH_SalVentAttn_PFCl_2
792,cortical,792,7Networks_RH_SalVentAttn_Med_1
793,cortical,793,7Networks_RH_SalVentAttn_Med_2
794,cortical,794,7Networks_RH_SalVentAttn_Med_3
795,cortical,795,7Networks_RH_SalVentAttn_Med_4
796,cortical,796,7Networks_RH_SalVentAttn_Med_5
797,cortical,797,7Networks_RH_SalVentAttn_Med_6
798,cortical,798,7Networks_RH_SalVentAttn_Med_7
799,cortical,799,7Networks_RH_SalVentAttn_Med_8
800,cortical,800,7Networks_RH_SalVentAttn_Med_9
801,cortical,801,7Networks_RH_SalVentAttn_Med_10
802,cortical,802,7Networks_RH_SalVentAttn_Med_11
803,cortical,803,7Networks_RH_SalVentAttn_Med_12
804,cortical,804,7Networks_RH_SalVentAttn_Med_13
805,cortical,805,7Networks_RH_SalVentAttn_Med_14
806,cortical,806,7Networks_RH_SalVentAttn_Med_15
807,cortical,807,7Networks_RH_SalVentAttn_Med_16
808,cortical,808,7Networks_RH_SalVentAttn_Med_17
809,cortical,809,7Networks_RH_SalVentAttn_Med_18
810,cortical,810,7Networks_RH_SalVentAttn_Med_19
811,cortical,811,7Networks_RH_SalVentAttn_Med_20
812,cortical,812,7Networks_RH_Limbic_OFC_1
813,cortical,813,7Networks_RH_Limbic_OFC_2
814,cortical,814,7Networks_RH_Limbic_OFC_3
815,cortical,815,7Networks_RH_Limbic_OFC_4
816,cortical,816,7Networks_RH_Limbic_OFC_5
817,cortical,817,7Networks_RH_Limbic_OFC_6
818,cortical,818,7Networks_RH_Limbic_OFC_7
819,cortical,819,7Networks_RH_Limbic_OFC_8
820,cortical,820,7Networks_RH_Limbic_OFC_9
821,cortical,821,7Networks_RH_Limbic_OFC_10
822,cortical,822,7Networks_RH_Limbic_OFC_11
823,cortical,823,7Networks_RH_Limbic_OFC_12
824,cortical,824,7Networks_RH_Limbic_OFC_13
825,cortical,825,7Networks_RH_Limbic_OFC_14
826,cortical,826,7Networks_RH_Limbic_TempPole_1
827,cortical,827,7Networks_RH_Limbic_TempPole_2
828,cortical,828,7Networks_RH_Limbic_TempPole_3
829,cortical,829,7Networks_RH_Limbic_TempPole_4
830,cortical,830,7Networks_RH_Limbic_TempPole_5
831,cortical,831,7Networks_RH_Limbic_TempPole_6
832,cortical,832,7Networks_RH_Limbic_TempPole_7
833,cortical,833,7Networks_RH_Limbic_TempPole_8
834,cortical,834,7Networks_RH_Limbic_TempPole_9
835,cortical,835,7Networks_RH_Limbic_TempPole_10
836,cortical,836,7Networks_RH_Limbic_TempPole_11
837,cortical,837,7Networks_RH_Limbic_TempPole_12
838,cortical,838,7Networks_RH_Limbic_TempPole_13
839,cortical,839,7Networks_RH_Limbic_TempPole_14
840,cortical,840,7Networks_RH_Limbic_TempPole_15
841,cortical,841,7Networks_RH_Limbic_TempPole_16
842,cortical,842,7Networks_RH_Limbic_TempPole_17
843,cortical,843,7Networks_RH_Cont_Par_1
844,cortical,844,7Networks_RH_Cont_Par_2
845,cortical,845,7Networks_RH_Cont_Par_3
846,cortical,846,7Networks_RH_Cont_Par_4
847,cortical,847,7Networks_RH_Cont_Par_5
848,cortical,848,7Networks_RH_Cont_Par_6
849,cortical,849,7Networks_RH_Cont_Par_7
850,cortical,850,7Networks_RH_Cont_Par_8
851,cortical,851,7Networks_RH_Cont_Par_9
852,cortical,852,7Networks_RH_Cont_Par_10
853,cortical,853,7Networks_RH_Cont_Par_11
854,cortical,854,7Networks_RH_Cont_Par_12
855,cortical,855,7Networks_RH_Cont_Par_13
856,cortical,856,7Networks_RH_Cont_Par_14
857,cortical,857,7Networks_RH_Cont_Par_15
858,cortical,858,7Networks_RH_Cont_Par_16
859,cortical,859,7Networks_RH_Cont_Par_17
860,cortical,860,7Networks_RH_Cont_Temp_1
861,cortical,861,7Networks_RH_Cont_Temp_2
862,cortical,862,7Networks_RH_Cont_Temp_3
863,cortical,863,7Networks_RH_Cont_Temp_4
864,cortical,864,7Networks_RH_Cont_PFCv_1
865,cortical,865,7Networks_RH_Cont_PFCv_2
866,cortical,866,7Networks_RH_Cont_PFCl_1
867,cortical,867,7Networks_RH_Cont_PFCl_2
868,cortical,868,7Networks_RH_Cont_PFCl_3
869,cortical,869,7Networks_RH_Cont_PFCl_4
870,cortical,870,7Networks_RH_Cont_PFCl_5
871,cortical,871,7Networks_RH_Cont_PFCl_6
872,cortical,872,7Networks_RH_Cont_PFCl_7
873,cortical,873,7Networks_RH_Cont_PFCl_8
874,cortical,874,7Networks_RH_Cont_PFCl_9
875,cortical,875,7Networks_RH_Cont_PFCl_10
876,cortical,876,7Networks_RH_Cont_PFCl_11
877,cortical,877,7Networks_RH_Cont_PFCl_12
878,cortical,878,7Networks_RH_Cont_PFCl_13
879,cortical,879,7Networks_RH_Cont_PFCl_14
880,cortical,880,7Networks_RH_Cont_PFCl_15
881,cortical,881,7Networks_RH_Cont_PFCl_16
882,cortical,882,7Networks_RH_Cont_PFCl_17
883,cortical,883,7Networks_RH_Cont_PFCl_18
884,cortical,884,7Networks_RH_Cont_PFCl_19
885,cortical,885,7Networks_RH_Cont_PFCl_20
886,cortical,886,7Networks_RH_Cont_PFCl_21
887,cortical,887,7Networks_RH_Cont_PFCl_22
888,cortical,888,7Networks_RH_Cont_PFCl_23
889,cortical,889,7Networks_RH_Cont_PFCl_24
890,cortical,890,7Networks_RH_Cont_PFCl_25
891,cortical,891,7Networks_RH_Cont_PFCl_26
892,cortical,892,7Networks_RH_Cont_PFCl_27
893,cortical,893,7Networks_RH_Cont_PFCl_28
894,cortical,894,7Networks_RH_Cont_PFCl_29
895,cortical,895,7Networks_RH_Cont_PFCl_30
896,cortical,896,7Networks_RH_Cont_PFCl_31
897,cortical,897,7Networks_RH_Cont_PFCl_32
898,cortical,898,7Networks_RH_Cont_PFCl_33
899,cortical,899,7Networks_RH_Cont_PFCl_34
900,cortical,900,7Networks_RH_Cont_pCun_1
901,cortical,901,7Networks_RH_Cont_pCun_3
902,cortical,902,7Networks_RH_Cont_pCun_5
903,cortical,903,7Networks_RH_Cont_Cing_1
904,cortical,904,7Networks_RH_Cont_Cing_2
905,cortical,905,7Networks_RH_Cont_Cing_3
906,cortical,906,7Networks_RH_Cont_Cing_4
907,cortical,907,7Networks_RH_Cont_Cing_5
908,cortical,908,7Networks_RH_Cont_PFCmp_1
909,cortical,909,7Networks_RH_Cont_PFCmp_2
910,cortical,910,7Networks_RH_Cont_PFCmp_3
911,cortical,911,7Networks_RH_Cont_PFCmp_4
912,cortical,912,7Networks_RH_Cont_PFCmp_5
913,cortical,913,7Networks_RH_Default_Par_1
914,cortical,914,7Networks_RH_Default_Par_2
915,cortical,915,7Networks_RH_Default_Par_3
916,cortical,916,7Networks_RH_Default_Par_4
917,cortical,917,7Networks_RH_Default_Par_5
918,cortical,918,7Networks_RH_Default_Par_6
919,cortical,919,7Networks_RH_Default_Par_7
920,cortical,920,7Networks_RH_Default_Par_8
921,cortical,921,7Networks_RH_Default_Par_9
922,cortical,922,7Networks_RH_Default_Par_10
923,cortical,923,7Networks_RH_Default_Par_11
924,cortical,924,7Networks_RH_Default_Par_12
925,cortical,925,7Networks_RH_Default_Par_13
926,cortical,926,7Networks_RH_Default_Par_14
927,cortical,927,7Networks_RH_Default_Par_15
928,cortical,928,7Networks_RH_Default_Par_16
929,cortical,929,7Networks_RH_Default_Temp_1
930,cortical,930,7Networks_RH_Default_Temp_2
931,cortical,931,7Networks_RH_Default_Temp_3
932,cortical,932,7Networks_RH_Default_Temp_4
933,cortical,933,7Networks_RH_Default_Temp_5
934,cortical,934,7Networks_RH_Default_Temp_6
935,cortical,935,7Networks_RH_Default_Temp_7
936,cortical,936,7Networks_RH_Default_Temp_8
937,cortical,937,7Networks_RH_Default_Temp_9
938,cortical,938,7Networks_RH_Default_Temp_10
939,cortical,939,7Networks_RH_Default_Temp_11
940,cortical,940,7Networks_RH_Default_Temp_12
941,cortical,941,7Networks_RH_Default_Temp_13
942,cortical,942,7Networks_RH_Default_Temp_14
943,cortical,943,7Networks_RH_Default_Temp_15
944,cortical,944,7Networks_RH_Default_Temp_16
945,cortical,945,7Networks_RH_Default_Temp_17
946,cortical,946,7Networks_RH_Default_Temp_18
947,cortical,947,7Networks_RH_Default_PFCv_1
948,cortical,948,7Networks_RH_Default_PFCv_2
949,cortical,949,7Networks_RH_Default_PFCv_3
950,cortical,950,7Networks_RH_Default_PFCv_4
951,cortical,951,7Networks_RH_Default_PFCv_5
952,cortical,952,7Networks_RH_Default_PFCv_6
953,cortical,953,7Networks_RH_Default_PFCv_7
954,cortical,954,7Networks_RH_Default_PFCv_8
955,cortical,955,7Networks_RH_Default_PFCv_9
956,cortical,956,7Networks_RH_Default_PFCv_10
957,cortical,957,7Networks_RH_Default_PFCdPFCm_1
958,cortical,958,7Networks_RH_Default_PFCdPFCm_2
959,cortical,959,7Networks_RH_Default_PFCdPFCm_3
960,cortical,960,7Networks_RH_Default_PFCdPFCm_4
961,cortical,961,7Networks_RH_Default_PFCdPFCm_5
962,cortical,962,7Networks_RH_Default_PFCdPFCm_6
963,cortical,963,7Networks_RH_Default_PFCdPFCm_7
964,cortical,964,7Networks_RH_Default_PFCdPFCm_8
965,cortical,965,7Networks_RH_Default_PFCdPFCm_9
966,cortical,966,7Networks_RH_Default_PFCdPFCm_10
967,cortical,967,7Networks_RH_Default_PFCdPFCm_11
968,cortical,968,7Networks_RH_Default_PFCdPFCm_12
969,cortical,969,7Networks_RH_Default_PFCdPFCm_13
970,cortical,970,7Networks_RH_Default_PFCdPFCm_14
971,cortical,971,7Networks_RH_Default_PFCdPFCm_15
972,cortical,972,7Networks_RH_Default_PFCdPFCm_16
973,cortical,973,7Networks_RH_Default_PFCdPFCm_17
974,cortical,974,7Networks_RH_Default_PFCdPFCm_18
975,cortical,975,7Networks_RH_Default_PFCdPFCm_19
976,cortical,976,7Networks_RH_Default_PFCdPFCm_20
977,cortical,977,7Networks_RH_Default_PFCdPFCm_21
978,cortical,978,7Networks_RH_Default_PFCdPFCm_22
979,cortical,979,7Networks_RH_Default_PFCdPFCm_23
980,cortical,980,7Networks_RH_Default_PFCdPFCm_24
981,cortical,981,7Networks_RH_Default_pCunPCC_1
982,cortical,982,7Networks_RH_Default_pCunPCC_2
983,cortical,983,7Networks_RH_Default_pCunPCC_3
984,cortical,984,7Networks_RH_Default_pCunPCC_4
985,cortical,985,7Networks_RH_Default_pCunPCC_5
986,cortical,986,7Networks_RH_Default_pCunPCC_6
987,cortical,987,7Networks_RH_Default_pCunPCC_7
988,cortical,988,7Networks_RH_Default_pCunPCC_8
989,cortical,989,7Networks_RH_Default_pCunPCC_9
990,cortical,990,7Networks_RH_Default_pCunPCC_10
991,cortical,991,7Networks_RH_Default_pCunPCC_11
992,cortical,992,7Networks_RH_Default_pCunPCC_12
993,cortical,993,7Networks_RH_Default_pCunPCC_13
994,cortical,994,7Networks_RH_Default_pCunPCC_14
995,cortical,995,7Networks_RH_Default_pCunPCC_15
996,cortical,996,7Networks_RH_Default_pCunPCC_16
997,cortical,997,7Networks_RH_Default_pCunPCC_17
998,cortical,998,7Networks_RH_Default_pCunPCC_18
999,cortical,999,7Networks_RH_Cont_pCun_2
1000,cortical,1000,7Networks_RH_Cont_pCun_4
1001,subcortical,1,HIP-head-m1-rh
1002,subcortical,2,HIP-head-m2-rh
1003,subcortical,3,THA-VAip-rh
1004,subcortical,4,THA-VAia-rh
1005,subcortical,5,HIP-head-l-rh
1006,subcortical,6,HIP-body-rh
1007,subcortical,7,HIP-tail-rh
1008,subcortical,8,THA-VPm-rh
1009,subcortical,9,THA-VPl-rh
1010,subcortical,10,THA-VAs-rh
1011,subcortical,11,THA-DAm-rh
1012,subcortical,12,THA-DAl-rh
1013,subcortical,13,PUT-VA-rh
1014,subcortical,14,PUT-DA-rh
1015,subcortical,15,PUT-VP-rh
1016,subcortical,16,PUT-DP-rh
1017,subcortical,17,CAU-VA-rh
1018,subcortical,18,CAU-DA-rh
1019,subcortical,19,CAU-body-rh
1020,subcortical,20,CAU-tail-rh
1021,subcortical,21,lAMY-rh
1022,subcortical,22,mAMY-rh
1023,subcortical,23,THA-DP-rh
1024,subcortical,24,NAc-shell-rh
1025,subcortical,25,NAc-core-rh
1026,subcortical,26,pGP-rh
1027,subcortical,27,aGP-rh
1028,subcortical,28,HIP-head-m1-lh
1029,subcortical,29,HIP-head-m2-lh
1030,subcortical,30,THA-VAip-lh
1031,subcortical,31,THA-VAia-lh
1032,subcortical,32,HIP-head-l-lh
1033,subcortical,33,HIP-body-lh
1034,subcortical,34,HIP-tail-lh
1035,subcortical,35,THA-VPm-lh
1036,subcortical,36,THA-VPl-lh
1037,subcortical,37,THA-VAs-lh
1038,subcortical,38,THA-DAm-lh
1039,subcortical,39,THA-DAl-lh
1040,subcortical,40,PUT-VA-lh
1041,subcortical,41,PUT-DA-lh
1042,subcortical,42,PUT-VP-lh
1043,subcortical,43,PUT-DP-lh
1044,subcortical,44,CAU-VA-lh
1045,subcortical,45,CAU-DA-lh
1046,subcortical,46,CAU-body-lh
1047,subcortical,47,CAU-tail-lh
1048,subcortical,48,lAMY-lh
1049,subcortical,49,mAMY-lh
1050,subcortical,50,THA-DP-lh
1051,subcortical,51,NAc-shell-lh
1052,subcortical,52,NAc-core-lh
1053,subcortical,53,pGP-lh
1054,subcortical,54,aGP-lh
